Order_ID,Rider_ID
ORD_1,RIDER_12
ORD_2,RIDER_9
ORD_3,RIDER_40
ORD_4,RIDER_33
ORD_5,RIDER_34
ORD_6,RIDER_23
ORD_7,RIDER_46
ORD_8,RIDER_39
ORD_9,RIDER_46
ORD_10,RIDER_7
ORD_11,RIDER_47
ORD_12,RIDER_16
ORD_13,RIDER_20
ORD_14,RIDER_2
ORD_15,RIDER_30
ORD_16,RIDER_27
ORD_17,RIDER_50
ORD_18,RIDER_30
ORD_19,RIDER_6
ORD_20,RIDER_15
ORD_21,RIDER_30
ORD_22,RIDER_19
ORD_23,RIDER_22
ORD_24,RIDER_8
ORD_25,RIDER_28
ORD_26,RIDER_32
ORD_27,RIDER_36
ORD_28,RIDER_29
ORD_29,RIDER_27
ORD_30,RIDER_12
ORD_31,RIDER_17
ORD_32,RIDER_4
ORD_33,RIDER_46
ORD_34,RIDER_18
ORD_35,RIDER_41
ORD_36,RIDER_11
ORD_37,RIDER_28
ORD_38,RIDER_28
ORD_39,RIDER_44
ORD_40,RIDER_50
ORD_41,RIDER_38
ORD_42,RIDER_42
ORD_43,RIDER_13
ORD_44,RIDER_19
ORD_45,RIDER_18
ORD_46,RIDER_33
ORD_47,RIDER_45
ORD_48,RIDER_45
ORD_49,RIDER_29
ORD_50,RIDER_47
ORD_51,RIDER_27
ORD_52,RIDER_40
ORD_53,RIDER_18
ORD_54,RIDER_6
ORD_55,RIDER_4
ORD_56,RIDER_8
ORD_57,RIDER_47
ORD_58,RIDER_28
ORD_59,RIDER_9
ORD_60,RIDER_4
ORD_61,RIDER_15
ORD_62,RIDER_14
ORD_63,RIDER_14
ORD_64,RIDER_34
ORD_65,RIDER_8
ORD_66,RIDER_27
ORD_67,RIDER_22
ORD_68,RIDER_15
ORD_69,RIDER_28
ORD_70,RIDER_42
ORD_71,RIDER_41
ORD_72,RIDER_30
ORD_73,RIDER_23
ORD_74,RIDER_29
ORD_75,RIDER_11
ORD_76,RIDER_42
ORD_77,RIDER_6
ORD_78,RIDER_27
ORD_79,RIDER_49
ORD_80,RIDER_34
ORD_81,RIDER_50
ORD_82,RIDER_22
ORD_83,RIDER_47
ORD_84,RIDER_18
ORD_85,RIDER_33
ORD_86,RIDER_25
ORD_87,RIDER_24
ORD_88,RIDER_30
ORD_89,RIDER_4
ORD_90,RIDER_45
ORD_91,RIDER_36
ORD_92,RIDER_50
ORD_93,RIDER_20
ORD_94,RIDER_24
ORD_95,RIDER_13
ORD_96,RIDER_45
ORD_97,RIDER_26
ORD_98,RIDER_20
ORD_99,RIDER_8
ORD_100,RIDER_35
ORD_101,RIDER_11
ORD_102,RIDER_22
ORD_103,RIDER_4
ORD_104,RIDER_47
ORD_105,RIDER_32
ORD_106,RIDER_14
ORD_107,RIDER_8
ORD_108,RIDER_11
ORD_109,RIDER_12
ORD_110,RIDER_20
ORD_111,RIDER_21
ORD_112,RIDER_7
ORD_113,RIDER_42
ORD_114,RIDER_7
ORD_115,RIDER_5
ORD_116,RIDER_48
ORD_117,RIDER_36
ORD_118,RIDER_11
ORD_119,RIDER_33
ORD_120,RIDER_22
ORD_121,RIDER_46
ORD_122,RIDER_23
ORD_123,RIDER_37
ORD_124,RIDER_32
ORD_125,RIDER_42
ORD_126,RIDER_33
ORD_127,RIDER_45
ORD_128,RIDER_18
ORD_129,RIDER_40
ORD_130,RIDER_18
ORD_131,RIDER_14
ORD_132,RIDER_41
ORD_133,RIDER_37
ORD_134,RIDER_39
ORD_135,RIDER_13
ORD_136,RIDER_50
ORD_137,RIDER_25
ORD_138,RIDER_20
ORD_139,RIDER_42
ORD_140,RIDER_28
ORD_141,RIDER_1
ORD_142,RIDER_50
ORD_143,RIDER_7
ORD_144,RIDER_15
ORD_145,RIDER_16
ORD_146,RIDER_45
ORD_147,RIDER_28
ORD_148,RIDER_46
ORD_149,RIDER_23
ORD_150,RIDER_20
ORD_151,RIDER_30
ORD_152,RIDER_37
ORD_153,RIDER_18
ORD_154,RIDER_12
ORD_155,RIDER_3
ORD_156,RIDER_7
ORD_157,RIDER_10
ORD_158,RIDER_46
ORD_159,RIDER_28
ORD_160,RIDER_6
ORD_161,RIDER_30
ORD_162,RIDER_40
ORD_163,RIDER_6
ORD_164,RIDER_11
ORD_165,RIDER_32
ORD_166,RIDER_47
ORD_167,RIDER_15
ORD_168,RIDER_33
ORD_169,RIDER_13
ORD_170,RIDER_23
ORD_171,RIDER_28
ORD_172,RIDER_35
ORD_173,RIDER_13
ORD_174,RIDER_35
ORD_175,RIDER_26
ORD_176,RIDER_47
ORD_177,RIDER_47
ORD_178,RIDER_41
ORD_179,RIDER_19
ORD_180,RIDER_5
ORD_181,RIDER_34
ORD_182,RIDER_19
ORD_183,RIDER_3
ORD_184,RIDER_15
ORD_185,RIDER_12
ORD_186,RIDER_11
ORD_187,RIDER_33
ORD_188,RIDER_7
ORD_189,RIDER_14
ORD_190,RIDER_34
ORD_191,RIDER_6
ORD_192,RIDER_5
ORD_193,RIDER_19
ORD_194,RIDER_34
ORD_195,RIDER_36
ORD_196,RIDER_27
ORD_197,RIDER_42
ORD_198,RIDER_41
ORD_199,RIDER_26
ORD_200,RIDER_35
ORD_201,RIDER_32
ORD_202,RIDER_47
ORD_203,RIDER_26
ORD_204,RIDER_17
ORD_205,RIDER_31
ORD_206,RIDER_17
ORD_207,RIDER_29
ORD_208,RIDER_28
ORD_209,RIDER_15
ORD_210,RIDER_50
ORD_211,RIDER_44
ORD_212,RIDER_48
ORD_213,RIDER_34
ORD_214,RIDER_23
ORD_215,RIDER_32
ORD_216,RIDER_13
ORD_217,RIDER_34
ORD_218,RIDER_44
ORD_219,RIDER_34
ORD_220,RIDER_27
ORD_221,RIDER_28
ORD_222,RIDER_27
ORD_223,RIDER_27
ORD_224,RIDER_27
ORD_225,RIDER_10
ORD_226,RIDER_47
ORD_227,RIDER_25
ORD_228,RIDER_46
ORD_229,RIDER_29
ORD_230,RIDER_24
ORD_231,RIDER_25
ORD_232,RIDER_20
ORD_233,RIDER_18
ORD_234,RIDER_42
ORD_235,RIDER_12
ORD_236,RIDER_11
ORD_237,RIDER_42
ORD_238,RIDER_39
ORD_239,RIDER_35
ORD_240,RIDER_22
ORD_241,RIDER_33
ORD_242,RIDER_48
ORD_243,RIDER_30
ORD_244,RIDER_22
ORD_245,RIDER_6
ORD_246,RIDER_42
ORD_247,RIDER_27
ORD_248,RIDER_33
ORD_249,RIDER_44
ORD_250,RIDER_22
ORD_251,RIDER_12
ORD_252,RIDER_34
ORD_253,RIDER_46
ORD_254,RIDER_5
ORD_255,RIDER_27
ORD_256,RIDER_12
ORD_257,RIDER_27
ORD_258,RIDER_18
ORD_259,RIDER_34
ORD_260,RIDER_8
ORD_261,RIDER_23
ORD_262,RIDER_50
ORD_263,RIDER_19
ORD_264,RIDER_34
ORD_265,RIDER_48
ORD_266,RIDER_8
ORD_267,RIDER_48
ORD_268,RIDER_5
ORD_269,RIDER_22
ORD_270,RIDER_34
ORD_271,RIDER_20
ORD_272,RIDER_39
ORD_273,RIDER_34
ORD_274,RIDER_48
ORD_275,RIDER_20
ORD_276,RIDER_41
ORD_277,RIDER_9
ORD_278,RIDER_12
ORD_279,RIDER_13
ORD_280,RIDER_17
ORD_281,RIDER_42
ORD_282,RIDER_8
ORD_283,RIDER_46
ORD_284,RIDER_4
ORD_285,RIDER_29
ORD_286,RIDER_15
ORD_287,RIDER_36
ORD_288,RIDER_36
ORD_289,RIDER_44
ORD_290,RIDER_27
ORD_291,RIDER_28
ORD_292,RIDER_6
ORD_293,RIDER_31
ORD_294,RIDER_46
ORD_295,RIDER_24
ORD_296,RIDER_32
ORD_297,RIDER_31
ORD_298,RIDER_2
ORD_299,RIDER_47
ORD_300,RIDER_28
ORD_301,RIDER_34
ORD_302,RIDER_8
ORD_303,RIDER_18
ORD_304,RIDER_34
ORD_305,RIDER_35
ORD_306,RIDER_39
ORD_307,RIDER_34
ORD_308,RIDER_26
ORD_309,RIDER_5
ORD_310,RIDER_7
ORD_311,RIDER_28
ORD_312,RIDER_7
ORD_313,RIDER_33
ORD_314,RIDER_35
ORD_315,RIDER_30
ORD_316,RIDER_23
ORD_317,RIDER_17
ORD_318,RIDER_40
ORD_319,RIDER_46
ORD_320,RIDER_18
ORD_321,RIDER_46
ORD_322,RIDER_15
ORD_323,RIDER_8
ORD_324,RIDER_49
ORD_325,RIDER_30
ORD_326,RIDER_30
ORD_327,RIDER_4
ORD_328,RIDER_30
ORD_329,RIDER_12
ORD_330,RIDER_7
ORD_331,RIDER_13
ORD_332,RIDER_37
ORD_333,RIDER_41
ORD_334,RIDER_24
ORD_335,RIDER_4
ORD_336,RIDER_45
ORD_337,RIDER_22
ORD_338,RIDER_44
ORD_339,RIDER_35
ORD_340,RIDER_50
ORD_341,RIDER_24
ORD_342,RIDER_27
ORD_343,RIDER_33
ORD_344,RIDER_30
ORD_345,RIDER_24
ORD_346,RIDER_19
ORD_347,RIDER_27
ORD_348,RIDER_10
ORD_349,RIDER_34
ORD_350,RIDER_25
ORD_351,RIDER_39
ORD_352,RIDER_28
ORD_353,RIDER_6
ORD_354,RIDER_24
ORD_355,RIDER_34
ORD_356,RIDER_20
ORD_357,RIDER_20
ORD_358,RIDER_39
ORD_359,RIDER_41
ORD_360,RIDER_2
ORD_361,RIDER_47
ORD_362,RIDER_29
ORD_363,RIDER_35
ORD_364,RIDER_12
ORD_365,RIDER_7
ORD_366,RIDER_15
ORD_367,RIDER_22
ORD_368,RIDER_12
ORD_369,RIDER_11
ORD_370,RIDER_11
ORD_371,RIDER_6
ORD_372,RIDER_40
ORD_373,RIDER_34
ORD_374,RIDER_48
ORD_375,RIDER_4
ORD_376,RIDER_11
ORD_377,RIDER_20
ORD_378,RIDER_6
ORD_379,RIDER_30
ORD_380,RIDER_24
ORD_381,RIDER_34
ORD_382,RIDER_44
ORD_383,RIDER_13
ORD_384,RIDER_20
ORD_385,RIDER_46
ORD_386,RIDER_46
ORD_387,RIDER_16
ORD_388,RIDER_25
ORD_389,RIDER_39
ORD_390,RIDER_5
ORD_391,RIDER_35
ORD_392,RIDER_18
ORD_393,RIDER_40
ORD_394,RIDER_13
ORD_395,RIDER_33
ORD_396,RIDER_7
ORD_397,RIDER_46
ORD_398,RIDER_17
ORD_399,RIDER_17
ORD_400,RIDER_30
ORD_401,RIDER_36
ORD_402,RIDER_7
ORD_403,RIDER_21
ORD_404,RIDER_20
ORD_405,RIDER_41
ORD_406,RIDER_4
ORD_407,RIDER_15
ORD_408,RIDER_34
ORD_409,RIDER_31
ORD_410,RIDER_36
ORD_411,RIDER_3
ORD_412,RIDER_29
ORD_413,RIDER_38
ORD_414,RIDER_14
ORD_415,RIDER_9
ORD_416,RIDER_10
ORD_417,RIDER_15
ORD_418,RIDER_35
ORD_419,RIDER_9
ORD_420,RIDER_32
ORD_421,RIDER_37
ORD_422,RIDER_22
ORD_423,RIDER_5
ORD_424,RIDER_3
ORD_425,RIDER_15
ORD_426,RIDER_1
ORD_427,RIDER_15
ORD_428,RIDER_50
ORD_429,RIDER_22
ORD_430,RIDER_16
ORD_431,RIDER_33
ORD_432,RIDER_7
ORD_433,RIDER_17
ORD_434,RIDER_20
ORD_435,RIDER_10
ORD_436,RIDER_27
ORD_437,RIDER_27
ORD_438,RIDER_20
ORD_439,RIDER_41
ORD_440,RIDER_19
ORD_441,RIDER_5
ORD_442,RIDER_10
ORD_443,RIDER_44
ORD_444,RIDER_32
ORD_445,RIDER_26
ORD_446,RIDER_33
ORD_447,RIDER_14
ORD_448,RIDER_38
ORD_449,RIDER_42
ORD_450,RIDER_40
ORD_451,RIDER_29
ORD_452,RIDER_17
ORD_453,RIDER_20
ORD_454,RIDER_31
ORD_455,RIDER_33
ORD_456,RIDER_50
ORD_457,RIDER_47
ORD_458,RIDER_15
ORD_459,RIDER_33
ORD_460,RIDER_50
ORD_461,RIDER_27
ORD_462,RIDER_22
ORD_463,RIDER_29
ORD_464,RIDER_28
ORD_465,RIDER_47
ORD_466,RIDER_48
ORD_467,RIDER_18
ORD_468,RIDER_43
ORD_469,RIDER_7
ORD_470,RIDER_20
ORD_471,RIDER_34
ORD_472,RIDER_45
ORD_473,RIDER_48
ORD_474,RIDER_47
ORD_475,RIDER_28
ORD_476,RIDER_33
ORD_477,RIDER_7
ORD_478,RIDER_47
ORD_479,RIDER_47
ORD_480,RIDER_41
ORD_481,RIDER_27
ORD_482,RIDER_50
ORD_483,RIDER_34
ORD_484,RIDER_7
ORD_485,RIDER_13
ORD_486,RIDER_41
ORD_487,RIDER_27
ORD_488,RIDER_42
ORD_489,RIDER_39
ORD_490,RIDER_18
ORD_491,RIDER_36
ORD_492,RIDER_13
ORD_493,RIDER_6
ORD_494,RIDER_41
ORD_495,RIDER_47
ORD_496,RIDER_41
ORD_497,RIDER_28
ORD_498,RIDER_31
ORD_499,RIDER_42
ORD_500,RIDER_47
ORD_501,RIDER_39
ORD_502,RIDER_44
ORD_503,RIDER_25
ORD_504,RIDER_11
ORD_505,RIDER_27
ORD_506,RIDER_13
ORD_507,RIDER_27
ORD_508,RIDER_10
ORD_509,RIDER_20
ORD_510,RIDER_6
ORD_511,RIDER_48
ORD_512,RIDER_7
ORD_513,RIDER_40
ORD_514,RIDER_47
ORD_515,RIDER_43
ORD_516,RIDER_10
ORD_517,RIDER_4
ORD_518,RIDER_49
ORD_519,RIDER_27
ORD_520,RIDER_35
ORD_521,RIDER_15
ORD_522,RIDER_14
ORD_523,RIDER_36
ORD_524,RIDER_30
ORD_525,RIDER_22
ORD_526,RIDER_1
ORD_527,RIDER_33
ORD_528,RIDER_33
ORD_529,RIDER_33
ORD_530,RIDER_7
ORD_531,RIDER_35
ORD_532,RIDER_35
ORD_533,RIDER_26
ORD_534,RIDER_30
ORD_535,RIDER_34
ORD_536,RIDER_7
ORD_537,RIDER_29
ORD_538,RIDER_45
ORD_539,RIDER_13
ORD_540,RIDER_28
ORD_541,RIDER_45
ORD_542,RIDER_14
ORD_543,RIDER_42
ORD_544,RIDER_24
ORD_545,RIDER_27
ORD_546,RIDER_22
ORD_547,RIDER_13
ORD_548,RIDER_5
ORD_549,RIDER_47
ORD_550,RIDER_30
ORD_551,RIDER_16
ORD_552,RIDER_26
ORD_553,RIDER_39
ORD_554,RIDER_34
ORD_555,RIDER_3
ORD_556,RIDER_41
ORD_557,RIDER_12
ORD_558,RIDER_14
ORD_559,RIDER_15
ORD_560,RIDER_7
ORD_561,RIDER_21
ORD_562,RIDER_7
ORD_563,RIDER_13
ORD_564,RIDER_41
ORD_565,RIDER_33
ORD_566,RIDER_41
ORD_567,RIDER_48
ORD_568,RIDER_11
ORD_569,RIDER_40
ORD_570,RIDER_46
ORD_571,RIDER_23
ORD_572,RIDER_40
ORD_573,RIDER_27
ORD_574,RIDER_18
ORD_575,RIDER_44
ORD_576,RIDER_22
ORD_577,RIDER_11
ORD_578,RIDER_49
ORD_579,RIDER_7
ORD_580,RIDER_36
ORD_581,RIDER_28
ORD_582,RIDER_25
ORD_583,RIDER_46
ORD_584,RIDER_14
ORD_585,RIDER_36
ORD_586,RIDER_20
ORD_587,RIDER_17
ORD_588,RIDER_1
ORD_589,RIDER_42
ORD_590,RIDER_32
ORD_591,RIDER_35
ORD_592,RIDER_25
ORD_593,RIDER_10
ORD_594,RIDER_17
ORD_595,RIDER_28
ORD_596,RIDER_13
ORD_597,RIDER_30
ORD_598,RIDER_15
ORD_599,RIDER_36
ORD_600,RIDER_25
ORD_601,RIDER_18
ORD_602,RIDER_27
ORD_603,RIDER_48
ORD_604,RIDER_28
ORD_605,RIDER_48
ORD_606,RIDER_18
ORD_607,RIDER_17
ORD_608,RIDER_35
ORD_609,RIDER_9
ORD_610,RIDER_18
ORD_611,RIDER_49
ORD_612,RIDER_13
ORD_613,RIDER_32
ORD_614,RIDER_13
ORD_615,RIDER_50
ORD_616,RIDER_4
ORD_617,RIDER_47
ORD_618,RIDER_17
ORD_619,RIDER_6
ORD_620,RIDER_29
ORD_621,RIDER_44
ORD_622,RIDER_11
ORD_623,RIDER_15
ORD_624,RIDER_29
ORD_625,RIDER_9
ORD_626,RIDER_28
ORD_627,RIDER_11
ORD_628,RIDER_27
ORD_629,RIDER_42
ORD_630,RIDER_23
ORD_631,RIDER_22
ORD_632,RIDER_21
ORD_633,RIDER_46
ORD_634,RIDER_34
ORD_635,RIDER_23
ORD_636,RIDER_44
ORD_637,RIDER_47
ORD_638,RIDER_15
ORD_639,RIDER_30
ORD_640,RIDER_45
ORD_641,RIDER_7
ORD_642,RIDER_3
ORD_643,RIDER_6
ORD_644,RIDER_17
ORD_645,RIDER_23
ORD_646,RIDER_20
ORD_647,RIDER_4
ORD_648,RIDER_46
ORD_649,RIDER_33
ORD_650,RIDER_9
ORD_651,RIDER_35
ORD_652,RIDER_21
ORD_653,RIDER_50
ORD_654,RIDER_34
ORD_655,RIDER_7
ORD_656,RIDER_35
ORD_657,RIDER_11
ORD_658,RIDER_49
ORD_659,RIDER_47
ORD_660,RIDER_33
ORD_661,RIDER_14
ORD_662,RIDER_50
ORD_663,RIDER_18
ORD_664,RIDER_22
ORD_665,RIDER_33
ORD_666,RIDER_7
ORD_667,RIDER_7
ORD_668,RIDER_31
ORD_669,RIDER_18
ORD_670,RIDER_35
ORD_671,RIDER_41
ORD_672,RIDER_8
ORD_673,RIDER_11
ORD_674,RIDER_47
ORD_675,RIDER_35
ORD_676,RIDER_35
ORD_677,RIDER_17
ORD_678,RIDER_8
ORD_679,RIDER_47
ORD_680,RIDER_10
ORD_681,RIDER_44
ORD_682,RIDER_6
ORD_683,RIDER_29
ORD_684,RIDER_9
ORD_685,RIDER_37
ORD_686,RIDER_34
ORD_687,RIDER_30
ORD_688,RIDER_14
ORD_689,RIDER_30
ORD_690,RIDER_20
ORD_691,RIDER_47
ORD_692,RIDER_14
ORD_693,RIDER_9
ORD_694,RIDER_12
ORD_695,RIDER_34
ORD_696,RIDER_28
ORD_697,RIDER_24
ORD_698,RIDER_18
ORD_699,RIDER_7
ORD_700,RIDER_34
ORD_701,RIDER_21
ORD_702,RIDER_28
ORD_703,RIDER_27
ORD_704,RIDER_35
ORD_705,RIDER_46
ORD_706,RIDER_50
ORD_707,RIDER_12
ORD_708,RIDER_30
ORD_709,RIDER_7
ORD_710,RIDER_4
ORD_711,RIDER_17
ORD_712,RIDER_27
ORD_713,RIDER_13
ORD_714,RIDER_47
ORD_715,RIDER_50
ORD_716,RIDER_30
ORD_717,RIDER_37
ORD_718,RIDER_23
ORD_719,RIDER_3
ORD_720,RIDER_46
ORD_721,RIDER_9
ORD_722,RIDER_50
ORD_723,RIDER_44
ORD_724,RIDER_39
ORD_725,RIDER_50
ORD_726,RIDER_48
ORD_727,RIDER_23
ORD_728,RIDER_7
ORD_729,RIDER_44
ORD_730,RIDER_9
ORD_731,RIDER_42
ORD_732,RIDER_24
ORD_733,RIDER_25
ORD_734,RIDER_47
ORD_735,RIDER_14
ORD_736,RIDER_11
ORD_737,RIDER_1
ORD_738,RIDER_17
ORD_739,RIDER_34
ORD_740,RIDER_46
ORD_741,RIDER_29
ORD_742,RIDER_42
ORD_743,RIDER_8
ORD_744,RIDER_46
ORD_745,RIDER_42
ORD_746,RIDER_42
ORD_747,RIDER_4
ORD_748,RIDER_39
ORD_749,RIDER_33
ORD_750,RIDER_14
ORD_751,RIDER_23
ORD_752,RIDER_37
ORD_753,RIDER_44
ORD_754,RIDER_22
ORD_755,RIDER_32
ORD_756,RIDER_34
ORD_757,RIDER_24
ORD_758,RIDER_12
ORD_759,RIDER_33
ORD_760,RIDER_47
ORD_761,RIDER_46
ORD_762,RIDER_27
ORD_763,RIDER_47
ORD_764,RIDER_31
ORD_765,RIDER_17
ORD_766,RIDER_43
ORD_767,RIDER_8
ORD_768,RIDER_20
ORD_769,RIDER_49
ORD_770,RIDER_31
ORD_771,RIDER_20
ORD_772,RIDER_8
ORD_773,RIDER_22
ORD_774,RIDER_7
ORD_775,RIDER_40
ORD_776,RIDER_50
ORD_777,RIDER_40
ORD_778,RIDER_48
ORD_779,RIDER_26
ORD_780,RIDER_27
ORD_781,RIDER_23
ORD_782,RIDER_20
ORD_783,RIDER_50
ORD_784,RIDER_37
ORD_785,RIDER_44
ORD_786,RIDER_46
ORD_787,RIDER_8
ORD_788,RIDER_39
ORD_789,RIDER_26
ORD_790,RIDER_47
ORD_791,RIDER_42
ORD_792,RIDER_15
ORD_793,RIDER_33
ORD_794,RIDER_20
ORD_795,RIDER_27
ORD_796,RIDER_7
ORD_797,RIDER_28
ORD_798,RIDER_4
ORD_799,RIDER_32
ORD_800,RIDER_30
ORD_801,RIDER_48
ORD_802,RIDER_33
ORD_803,RIDER_28
ORD_804,RIDER_6
ORD_805,RIDER_47
ORD_806,RIDER_11
ORD_807,RIDER_6
ORD_808,RIDER_41
ORD_809,RIDER_14
ORD_810,RIDER_14
ORD_811,RIDER_41
ORD_812,RIDER_7
ORD_813,RIDER_16
ORD_814,RIDER_27
ORD_815,RIDER_24
ORD_816,RIDER_27
ORD_817,RIDER_19
ORD_818,RIDER_23
ORD_819,RIDER_44
ORD_820,RIDER_16
ORD_821,RIDER_15
ORD_822,RIDER_18
ORD_823,RIDER_10
ORD_824,RIDER_39
ORD_825,RIDER_20
ORD_826,RIDER_42
ORD_827,RIDER_5
ORD_828,RIDER_24
ORD_829,RIDER_40
ORD_830,RIDER_4
ORD_831,RIDER_47
ORD_832,RIDER_6
ORD_833,RIDER_50
ORD_834,RIDER_5
ORD_835,RIDER_42
ORD_836,RIDER_8
ORD_837,RIDER_50
ORD_838,RIDER_23
ORD_839,RIDER_35
ORD_840,RIDER_18
ORD_841,RIDER_20
ORD_842,RIDER_25
ORD_843,RIDER_18
ORD_844,RIDER_27
ORD_845,RIDER_49
ORD_846,RIDER_45
ORD_847,RIDER_30
ORD_848,RIDER_42
ORD_849,RIDER_42
ORD_850,RIDER_29
ORD_851,RIDER_45
ORD_852,RIDER_10
ORD_853,RIDER_5
ORD_854,RIDER_34
ORD_855,RIDER_4
ORD_856,RIDER_22
ORD_857,RIDER_32
ORD_858,RIDER_46
ORD_859,RIDER_35
ORD_860,RIDER_32
ORD_861,RIDER_31
ORD_862,RIDER_3
ORD_863,RIDER_17
ORD_864,RIDER_13
ORD_865,RIDER_7
ORD_866,RIDER_28
ORD_867,RIDER_46
ORD_868,RIDER_47
ORD_869,RIDER_39
ORD_870,RIDER_28
ORD_871,RIDER_19
ORD_872,RIDER_45
ORD_873,RIDER_35
ORD_874,RIDER_32
ORD_875,RIDER_29
ORD_876,RIDER_15
ORD_877,RIDER_5
ORD_878,RIDER_50
ORD_879,RIDER_9
ORD_880,RIDER_41
ORD_881,RIDER_24
ORD_882,RIDER_23
ORD_883,RIDER_35
ORD_884,RIDER_9
ORD_885,RIDER_7
ORD_886,RIDER_49
ORD_887,RIDER_29
ORD_888,RIDER_41
ORD_889,RIDER_33
ORD_890,RIDER_28
ORD_891,RIDER_33
ORD_892,RIDER_28
ORD_893,RIDER_23
ORD_894,RIDER_17
ORD_895,RIDER_30
ORD_896,RIDER_15
ORD_897,RIDER_4
ORD_898,RIDER_34
ORD_899,RIDER_36
ORD_900,RIDER_11
ORD_901,RIDER_46
ORD_902,RIDER_14
ORD_903,RIDER_4
ORD_904,RIDER_4
ORD_905,RIDER_7
ORD_906,RIDER_1
ORD_907,RIDER_40
ORD_908,RIDER_44
ORD_909,RIDER_48
ORD_910,RIDER_26
ORD_911,RIDER_27
ORD_912,RIDER_47
ORD_913,RIDER_50
ORD_914,RIDER_33
ORD_915,RIDER_18
ORD_916,RIDER_25
ORD_917,RIDER_7
ORD_918,RIDER_35
ORD_919,RIDER_48
ORD_920,RIDER_36
ORD_921,RIDER_6
ORD_922,RIDER_41
ORD_923,RIDER_17
ORD_924,RIDER_13
ORD_925,RIDER_50
ORD_926,RIDER_25
ORD_927,RIDER_5
ORD_928,RIDER_20
ORD_929,RIDER_4
ORD_930,RIDER_16
ORD_931,RIDER_43
ORD_932,RIDER_20
ORD_933,RIDER_18
ORD_934,RIDER_34
ORD_935,RIDER_35
ORD_936,RIDER_29
ORD_937,RIDER_32
ORD_938,RIDER_23
ORD_939,RIDER_40
ORD_940,RIDER_21
ORD_941,RIDER_18
ORD_942,RIDER_48
ORD_943,RIDER_36
ORD_944,RIDER_4
ORD_945,RIDER_22
ORD_946,RIDER_47
ORD_947,RIDER_5
ORD_948,RIDER_3
ORD_949,RIDER_50
ORD_950,RIDER_30
ORD_951,RIDER_29
ORD_952,RIDER_41
ORD_953,RIDER_35
ORD_954,RIDER_40
ORD_955,RIDER_20
ORD_956,RIDER_50
ORD_957,RIDER_17
ORD_958,RIDER_48
ORD_959,RIDER_23
ORD_960,RIDER_36
ORD_961,RIDER_18
ORD_962,RIDER_9
ORD_963,RIDER_17
ORD_964,RIDER_38
ORD_965,RIDER_13
ORD_966,RIDER_27
ORD_967,RIDER_47
ORD_968,RIDER_6
ORD_969,RIDER_23
ORD_970,RIDER_4
ORD_971,RIDER_50
ORD_972,RIDER_37
ORD_973,RIDER_42
ORD_974,RIDER_12
ORD_975,RIDER_35
ORD_976,RIDER_6
ORD_977,RIDER_44
ORD_978,RIDER_7
ORD_979,RIDER_4
ORD_980,RIDER_41
ORD_981,RIDER_37
ORD_982,RIDER_1
ORD_983,RIDER_36
ORD_984,RIDER_30
ORD_985,RIDER_23
ORD_986,RIDER_6
ORD_987,RIDER_43
ORD_988,RIDER_9
ORD_989,RIDER_15
ORD_990,RIDER_39
ORD_991,RIDER_41
ORD_992,RIDER_9
ORD_993,RIDER_17
ORD_994,RIDER_19
ORD_995,RIDER_10
ORD_996,RIDER_50
ORD_997,RIDER_15
ORD_998,RIDER_24
ORD_999,RIDER_20
ORD_1000,RIDER_15
